"Algorithm","Hash","Path"
"SHA256","7978032C8695FC60BCC1B6AA142D2EE6AAFD587D5006D22491DB3E011B998A4E","E:\PRAGATI-AI-ARCHIVE\data\__huggingface_repos__.json"
"SHA256","B81C9FD4CF9238840743CA9237C3BEA9E7BCA4FC4E6EBE9FF54542C81F3CB239","E:\PRAGATI-AI-ARCHIVE\data\calibration\conformal_quantiles_v10.pkl"
"SHA256","662B02940351097F59BC4B02C3AD9E18428423E016FD47DAF96C16FA404EAC88","E:\PRAGATI-AI-ARCHIVE\data\calibration\coral_prob_cf_v10.npy"
"SHA256","71DBC0B39A0BE0AD706C44BFE3292F382AC57BF3F7231CFF6DD895AD5CC23748","E:\PRAGATI-AI-ARCHIVE\data\calibration\coral_prob_te_v10.npy"
"SHA256","B6998DDB2B4E9E9E82E2A3EE8A93D6466C8BE25B229B8CFD20001984067D8A5A","E:\PRAGATI-AI-ARCHIVE\data\calibration\coral_prob_tr_v10.npy"
"SHA256","026208B5B07CB34EA059479504627639F508E77830819ECAA54FA27115F66F80","E:\PRAGATI-AI-ARCHIVE\data\calibration\coral_prob_va_v10.npy"
"SHA256","3AE4BFEF22E25DF34CEDF7D07CB45BBB0D8E6476F68B4CE3F6FEEAB24E1603CF","E:\PRAGATI-AI-ARCHIVE\data\calibration\coral_sev_cf_v10.npy"
"SHA256","220D820185E6F8B954B1331BAC9CD7EE0637AD2D2868F93A7EA5BF06336EE0F1","E:\PRAGATI-AI-ARCHIVE\data\calibration\coral_sev_te_v10.npy"
"SHA256","161E09E2792CE966785BBC48F882C529B60053B9018D25BE64CCE844CFCDC415","E:\PRAGATI-AI-ARCHIVE\data\calibration\coral_sev_tr_v10.npy"
"SHA256","1C7525BBFE594A5F6EFFB7DB94FE210A986A377CF02DF4327CCA8C124B0FBCCA","E:\PRAGATI-AI-ARCHIVE\data\calibration\coral_sev_va_v10.npy"
"SHA256","3EB2D1A5DD63AB8D1E27AD11A93C6B4860159E3E24423831F0DA74DD7705313F","E:\PRAGATI-AI-ARCHIVE\data\calibration\curve_residuals_v10.pkl"
"SHA256","095FD6150FC9F6965AF8903468DB851ED6472506474FAD7E51E6743D63530B3E","E:\PRAGATI-AI-ARCHIVE\data\processed\coffee_sequences_v10.csv"
"SHA256","3D48C75928860DEE9CB25FB08095E8C53116070BF4E7FFEB090181CD8DBA3901","E:\PRAGATI-AI-ARCHIVE\data\processed\coffee_v10.csv"
"SHA256","FBD5051BF0B1792EA61567E20CC4CB5B63D16626D52FDC42CAC8B2501A0FF94B","E:\PRAGATI-AI-ARCHIVE\data\processed\gsev_model_v10.pkl"
"SHA256","0D762DABC9AF6268DE50E7D63894F73F55B5F052337EC51F49F5558C98167068","E:\PRAGATI-AI-ARCHIVE\data\processed\prognosis_classes_v10.pkl"
"SHA256","DDEF9CB9BF350B338B2853BACDC673789B8B187F6331CB80E23FD5B49AE8B584","E:\PRAGATI-AI-ARCHIVE\data\processed\prognosis_master.csv"
"SHA256","5C83483C887C77634C83E20A7CEB4B61225B71FBFF21E2876F721DE8DCE9C152","E:\PRAGATI-AI-ARCHIVE\data\processed\test_sequences_v10.csv"
"SHA256","E453CC33E03F7909B17253028EB1A0AA74037FDC4D720B84105C146483D851AA","E:\PRAGATI-AI-ARCHIVE\data\processed\test_v10.csv"
"SHA256","3B97DB51B1650B4E2E3B9B0A5E2462BF405F726BF677C8513600D88DB9C6D05A","E:\PRAGATI-AI-ARCHIVE\data\processed\train_sequences_v10.csv"
"SHA256","A8CEA8A670ED2A2B64ED171132489A4B5726DCBA8693EB1CB9C1CCD0B0CB5A00","E:\PRAGATI-AI-ARCHIVE\data\processed\train_v10.csv"
"SHA256","5AF53F0A9114044AEB4AF0D10455C7483609A1F1B496FC896BAED7E73B00CCA2","E:\PRAGATI-AI-ARCHIVE\data\processed\val_sequences_v10.csv"
"SHA256","F30A78AA62B227B17D455FCFD0AB3EBFD0FF7C6AC58E1BCCC050214CFA2F4A3F","E:\PRAGATI-AI-ARCHIVE\data\processed\val_v10.csv"
"SHA256","647DAD894E4D1C61B35C600253B442EC9F6576DFEECF08FAA138678947BC9418","E:\PRAGATI-AI-ARCHIVE\data\representations\vis_cf_v10.npy"
"SHA256","3D3870769608EFBEA2DA9A3FAAC6457F33E2289F4A545222139869809608EE77","E:\PRAGATI-AI-ARCHIVE\data\representations\vis_te_v10.npy"
"SHA256","17014E9BF878D684E26B101641C9272EB76598A7914BBD61705C63914AFFAB42","E:\PRAGATI-AI-ARCHIVE\data\representations\vis_tr_v10.npy"
"SHA256","C885CC24A512F678E8BA63975AA055453EDC37726B39FD63CA3FDA0AFFE7906B","E:\PRAGATI-AI-ARCHIVE\data\representations\vis_va_v10.npy"
"SHA256","77C3AACABC894BABC2D48C2DAD687260284A60FEB3AE1DA88D7C9F44943AB342","E:\PRAGATI-AI-ARCHIVE\metadata\CHECKPOINT_MANIFEST.csv"
"SHA256","B86962F01F42624356E0BA1F9E8F6CB423CE7BD0D75CE71B85A8A67C01710B4E","E:\PRAGATI-AI-ARCHIVE\models\ablations\ckpt_Abl_NoCBAM_seed123.pth"
"SHA256","AC0B1BE41263AF1F1C25C7FF3DD8870D0470CC1F298FB6117F2D21C1287D0FBA","E:\PRAGATI-AI-ARCHIVE\models\ablations\ckpt_Abl_NoCBAM_seed2025.pth"
"SHA256","702CA1196D6AE7C36E4868C0CCF41AB32B9ACFA2F07129D1CE2F12B0329D5C8D","E:\PRAGATI-AI-ARCHIVE\models\ablations\ckpt_Abl_NoCBAM_seed42.pth"
"SHA256","22146E5F5FDDBFB2333840470B44ECF3296668A821D0F5003AF76EB808C6D04F","E:\PRAGATI-AI-ARCHIVE\models\ablations\ckpt_Abl_NoCBAM_seed777.pth"
"SHA256","FF4948205CBA5F5746C1C3EADF3FC6B5001F43F3845D89FA4B91C01CDFD3C7F2","E:\PRAGATI-AI-ARCHIVE\models\ablations\ckpt_Abl_NoCBAM_seed999.pth"
"SHA256","0382B72C402C03FF1E4668BAAE4677D55C0865B20985C6D9471E02A5DC0B8AD3","E:\PRAGATI-AI-ARCHIVE\models\ablations\ckpt_Abl_NoCORAL_seed123.pth"
"SHA256","BA1566BD99A8111B7C0CC6FCF4280A8F83B747415B0AFBB2D13A58C9014FD3B1","E:\PRAGATI-AI-ARCHIVE\models\ablations\ckpt_Abl_NoCORAL_seed2025.pth"
"SHA256","03CADD954F47BE18CCAF37B51183E0253525D6C6DE56A1B872DB079AAFABCB3F","E:\PRAGATI-AI-ARCHIVE\models\ablations\ckpt_Abl_NoCORAL_seed42.pth"
"SHA256","6A5A22C05E06C6942F1328FF89B289D331A4044C5290FCF560BB04F435333807","E:\PRAGATI-AI-ARCHIVE\models\ablations\ckpt_Abl_NoCORAL_seed777.pth"
"SHA256","801C325FDE5AC5B05515A65B67B42D3931ABCBF41DEAFAEB93B618C92F0846E6","E:\PRAGATI-AI-ARCHIVE\models\ablations\ckpt_Abl_NoCORAL_seed999.pth"
"SHA256","F52C35E575E5ECAAD029EA07DD2C8C78627B59023C61D7D6AA3ECFD672D13576","E:\PRAGATI-AI-ARCHIVE\models\ablations\ckpt_Abl_NoCrossAttn_seed123.pth"
"SHA256","38F5B043B79AB46D193A78080DA8D22CE03944ED75714A56061143083697289B","E:\PRAGATI-AI-ARCHIVE\models\ablations\ckpt_Abl_NoCrossAttn_seed2025.pth"
"SHA256","1BA6D17849AA67E7FAAD8C5AAC893302A886B2D1D0B75AFF151A05BF8A6291C1","E:\PRAGATI-AI-ARCHIVE\models\ablations\ckpt_Abl_NoCrossAttn_seed42.pth"
"SHA256","5B246B4886F77D8B8E8E9743EF453D7A05C9FF7353DD48341C1A27739AD15A45","E:\PRAGATI-AI-ARCHIVE\models\ablations\ckpt_Abl_NoCrossAttn_seed777.pth"
"SHA256","07F71AF9BAD2F8CE5D47A8C35DDD1726373F8BAF60991FD1CA000B0226C18078","E:\PRAGATI-AI-ARCHIVE\models\ablations\ckpt_Abl_NoCrossAttn_seed999.pth"
"SHA256","F9A97AA7B444DFAE71A7D553ED0265E6153300F4876EF68AB1325C7C17E33BD0","E:\PRAGATI-AI-ARCHIVE\models\ablations\ckpt_Abl_NoMonotonicity_seed123.pth"
"SHA256","49A1DDF3FBA9EBE96A601433FD3E9CF8651A984225A998D41626C3488ED042F6","E:\PRAGATI-AI-ARCHIVE\models\ablations\ckpt_Abl_NoMonotonicity_seed2025.pth"
"SHA256","D0F5FDECC84143A6777FCDB186BF9AF8CC7B25F97EFCCAD1CE44A8A0A60B0C80","E:\PRAGATI-AI-ARCHIVE\models\ablations\ckpt_Abl_NoMonotonicity_seed42.pth"
"SHA256","9644A13D49D80BAA8DB8FA93B09FD6E14D2849678A73B710D04FAE03F075DAA6","E:\PRAGATI-AI-ARCHIVE\models\ablations\ckpt_Abl_NoMonotonicity_seed777.pth"
"SHA256","0EFEF3743BB07A7BBF66DF25C299AE1F9F66BDD2E8A63B6CA71BBCF785086701","E:\PRAGATI-AI-ARCHIVE\models\ablations\ckpt_Abl_NoMonotonicity_seed999.pth"
"SHA256","E49ACF21CE5372900F5A19261D1659C5133E1603165EEB424A2FE4853D174008","E:\PRAGATI-AI-ARCHIVE\models\ablations\ckpt_Abl_NoSeqAug_seed123.pth"
"SHA256","47BBEDB0F761AD4645F3CDB8CE276856079C79A0C111133907A52A34F05298E0","E:\PRAGATI-AI-ARCHIVE\models\ablations\ckpt_Abl_NoSeqAug_seed2025.pth"
"SHA256","010E71765CFF92036D1D7F1D702AD6EC1ABD9531EACE69CD682E73ACB6AA7B77","E:\PRAGATI-AI-ARCHIVE\models\ablations\ckpt_Abl_NoSeqAug_seed42.pth"
"SHA256","AA6E99CF24165C13CB4427C4B1D0A0772C6AA1C5D630F98DB47A6A9045EB5AA7","E:\PRAGATI-AI-ARCHIVE\models\ablations\ckpt_Abl_NoSeqAug_seed777.pth"
"SHA256","9B3113331F25C8DD1F41D017F965F53BB90269BECF345A9DCE682FB247F2B774","E:\PRAGATI-AI-ARCHIVE\models\ablations\ckpt_Abl_NoSeqAug_seed999.pth"
"SHA256","2136AE7B6D3F8B01C61BB239FA63413F544724B5CCED8FF31F44E2384520EF75","E:\PRAGATI-AI-ARCHIVE\models\ablations\ckpt_Abl_NoVisDelta_seed123.pth"
"SHA256","A1FB2588993691940A11BF0AC092A9252751C3EEAF6673920837024C179200F6","E:\PRAGATI-AI-ARCHIVE\models\ablations\ckpt_Abl_NoVisDelta_seed2025.pth"
"SHA256","AB7FE678ABB95BB71FA1F4260E9DF24BC6E5C70A358423B6E5B594F8FE1F8799","E:\PRAGATI-AI-ARCHIVE\models\ablations\ckpt_Abl_NoVisDelta_seed42.pth"
"SHA256","FAB2483199832AFD256017657B046788F3E4F98F6412DDF643E4AFBD9746A0FF","E:\PRAGATI-AI-ARCHIVE\models\ablations\ckpt_Abl_NoVisDelta_seed777.pth"
"SHA256","CAED1FFD370E55EB75B001C4139F81FD63D690B447784F10A4FB8ECA6A12505E","E:\PRAGATI-AI-ARCHIVE\models\ablations\ckpt_Abl_NoVisDelta_seed999.pth"
"SHA256","0F431CC6D84B730C9F9875DDB92FF70BCB1469AB697E88ED848D2EC9745FB93B","E:\PRAGATI-AI-ARCHIVE\models\ablations\ckpt_Proposed_NoCoffee_seed123.pth"
"SHA256","B90C39D7526F885C7A80AE5F7D89F283244865F1FD64F4832A8F5F62E9D82A6D","E:\PRAGATI-AI-ARCHIVE\models\ablations\ckpt_Proposed_NoCoffee_seed2025.pth"
"SHA256","DF2A97B2DFC33F0D9C1E49FDF407091490E9E1C15BC33FA29DC22A049E823193","E:\PRAGATI-AI-ARCHIVE\models\ablations\ckpt_Proposed_NoCoffee_seed42.pth"
"SHA256","94BA54EF59E82379A424D09B24175C790998052037F40E8F13CB512AE461D967","E:\PRAGATI-AI-ARCHIVE\models\ablations\ckpt_Proposed_NoCoffee_seed777.pth"
"SHA256","131D4A16CBE0F63EECE84681EAD419309B9923FBBE0294E3C989C69DB22F9F62","E:\PRAGATI-AI-ARCHIVE\models\ablations\ckpt_Proposed_NoCoffee_seed999.pth"
"SHA256","997F8106642CAB8B3E39FE7D424BF8F92A2CE3DE7CA02CA675DC07290D2689BB","E:\PRAGATI-AI-ARCHIVE\models\baselines\ckpt_B1_MLP_seed123.pth"
"SHA256","B487CB867B404E9BF149B0D7ABB9809AD87237ACE624A8A0DB257684214F6459","E:\PRAGATI-AI-ARCHIVE\models\baselines\ckpt_B1_MLP_seed2025.pth"
"SHA256","990FE37C5050851502E2ACEBAF3DD50E60657177D09BFF6D80E62759C5633F8D","E:\PRAGATI-AI-ARCHIVE\models\baselines\ckpt_B1_MLP_seed42.pth"
"SHA256","2629754E174B953868800D6FB68F39871C4FBC599049E49766E53B237FE6A284","E:\PRAGATI-AI-ARCHIVE\models\baselines\ckpt_B1_MLP_seed777.pth"
"SHA256","ED53001427248453C55DB5C12B0567AF6AFF8F9719B2807B7730959C63A35F95","E:\PRAGATI-AI-ARCHIVE\models\baselines\ckpt_B1_MLP_seed999.pth"
"SHA256","CA6F544635915FEE865F1253B9CA4B584F4B1B27FC6764933689855A417A6596","E:\PRAGATI-AI-ARCHIVE\models\baselines\ckpt_B2b_GRU_seed123.pth"
"SHA256","53508CA6DE70C9BADA1DE46B19F69CAC162D57FE44CD1F54FE1EFAABCF951549","E:\PRAGATI-AI-ARCHIVE\models\baselines\ckpt_B2b_GRU_seed2025.pth"
"SHA256","22A848D9620ED5C261718CF4D001588F3DD9544AEF2802603FE0D18331463CD4","E:\PRAGATI-AI-ARCHIVE\models\baselines\ckpt_B2b_GRU_seed42.pth"
"SHA256","A9BD32737724AB1413171C86B7A662C3CF528BCE34CC0B466757F979A4F14A1D","E:\PRAGATI-AI-ARCHIVE\models\baselines\ckpt_B2b_GRU_seed777.pth"
"SHA256","07BC1B9EA94BB1AE9E74A949624E2244045566092F7DF5ED92E005C805902CB6","E:\PRAGATI-AI-ARCHIVE\models\baselines\ckpt_B2b_GRU_seed999.pth"
"SHA256","B989908FFFA091BC92018AA131C2915DAB657729C8688A4BBFA45CE1A4179051","E:\PRAGATI-AI-ARCHIVE\models\baselines\ckpt_B2_EmbLSTM_seed123.pth"
"SHA256","461C6202084809D340FC2FBB259A8B6F2602BE4B0891608C9E3D0E75C600FDC8","E:\PRAGATI-AI-ARCHIVE\models\baselines\ckpt_B2_EmbLSTM_seed2025.pth"
"SHA256","70A17B618E432974ADEF69226E448C96774023A1D51CC205D81E2D7A74196BE6","E:\PRAGATI-AI-ARCHIVE\models\baselines\ckpt_B2_EmbLSTM_seed42.pth"
"SHA256","FB0071CC43338F19054582CCD5E7535AFE35E0873AE0651CFD6564AF099B6A81","E:\PRAGATI-AI-ARCHIVE\models\baselines\ckpt_B2_EmbLSTM_seed777.pth"
"SHA256","B03C5972950A74EAAA2AC9BDD51CD9B76F12DD64A2FB7C0BEC22642B65C497FD","E:\PRAGATI-AI-ARCHIVE\models\baselines\ckpt_B2_EmbLSTM_seed999.pth"
"SHA256","0E55149FE18E129DF47C5A51F32C42286E9E4195D119E28119530C5AD68E7872","E:\PRAGATI-AI-ARCHIVE\models\baselines\ckpt_B3_TCN_seed123.pth"
"SHA256","4E27F9DACEE28C5BF1E1CCF10C86F2B308E1AAFA854374CA7C406869AA1ECB30","E:\PRAGATI-AI-ARCHIVE\models\baselines\ckpt_B3_TCN_seed2025.pth"
"SHA256","EBDA9E2DF96C2A7D288FF008427835CD70F74792A75F9DAB2895DD7639AB32AF","E:\PRAGATI-AI-ARCHIVE\models\baselines\ckpt_B3_TCN_seed42.pth"
"SHA256","986F5EBFED82B25B2C9BB2491AE9FC01CF2CF22CBE606282887357A2F73E7922","E:\PRAGATI-AI-ARCHIVE\models\baselines\ckpt_B3_TCN_seed777.pth"
"SHA256","79E9A18B4DB38DDBE1D0746F1F91E3DC7ADA5773563D4C074EB216C42C686B4B","E:\PRAGATI-AI-ARCHIVE\models\baselines\ckpt_B3_TCN_seed999.pth"
"SHA256","F75268090D4CA95092708D1FA733C1B4127ECE91FB9FFEAAFB7F0401E8477CD6","E:\PRAGATI-AI-ARCHIVE\models\baselines\ckpt_B4_Transformer_seed123.pth"
"SHA256","8C7E71D0958BA357F0FF8CDAC8132DC64886F41C77207A268F1B84329C62648B","E:\PRAGATI-AI-ARCHIVE\models\baselines\ckpt_B4_Transformer_seed2025.pth"
"SHA256","514546C99D37CCD0248D4B54AB35FFD351A91DD08FFDD20A371DE84C7268FF77","E:\PRAGATI-AI-ARCHIVE\models\baselines\ckpt_B4_Transformer_seed42.pth"
"SHA256","D4D67376A1B3682A08A6D35FF4275AF438F712FBD07D25B238ED5259CF9B9D23","E:\PRAGATI-AI-ARCHIVE\models\baselines\ckpt_B4_Transformer_seed777.pth"
"SHA256","2714176A2599C890809E9AAE5329FFB1747EB827559EFD259BAC6FE2868BD536","E:\PRAGATI-AI-ARCHIVE\models\baselines\ckpt_B4_Transformer_seed999.pth"
"SHA256","3E3F457AC6FA3C6011FFA6310768EE5D6B94D84416FBB4BA5B5E833366821A4F","E:\PRAGATI-AI-ARCHIVE\models\baselines\ckpt_B5_NoTemporal_seed123.pth"
"SHA256","2DE41A22EA6A0B09056CDD1F18462CC461D02E3059100744DD35FD09632CBFB7","E:\PRAGATI-AI-ARCHIVE\models\baselines\ckpt_B5_NoTemporal_seed2025.pth"
"SHA256","998EA8AAE3DACBFAD7E4B9D9AADEE13B4639C2AEE19AAD1FF6F4F61C9661561D","E:\PRAGATI-AI-ARCHIVE\models\baselines\ckpt_B5_NoTemporal_seed42.pth"
"SHA256","9210857C8E6A3CD52AE88C13E06397532F1F2D9F323D022A8CCB0FC1D185BDFD","E:\PRAGATI-AI-ARCHIVE\models\baselines\ckpt_B5_NoTemporal_seed777.pth"
"SHA256","D94CD09AAD7096FF04F23FD9A1D800105E4487F1B47AC8D98F61DA25C8BBA664","E:\PRAGATI-AI-ARCHIVE\models\baselines\ckpt_B5_NoTemporal_seed999.pth"
"SHA256","5DEC77628229EB151E09ADE494ABE843FC5F6E476EC282B420BDB974ADE1305B","E:\PRAGATI-AI-ARCHIVE\models\core\best_coral_v10.pth"
"SHA256","336736AFA275E2171254FB387C4C1C1690FE8778ED0B81109DE587918BE40BA8","E:\PRAGATI-AI-ARCHIVE\models\core\best_prognosis_net_v10.pth"
"SHA256","67833E656B5FEA00D306402234F499F32BFE31FCEAECA630EF714A248BB8EFEC","E:\PRAGATI-AI-ARCHIVE\models\core\best_segnet_v8.pth"
"SHA256","0211D2961083C3A6A5F3F1467070673F48F124CAA7D2D95C79E2C841652E0469","E:\PRAGATI-AI-ARCHIVE\models\core\best_severity_net_v10.pth"
"SHA256","E051F8A0A9312DCB8AA889848BA4F03750EB5BB7D83C190834AA406FED8F202E","E:\PRAGATI-AI-ARCHIVE\models\core\best_visual_model_v10.pth"
"SHA256","58908951D7095C42F41CD2533E2C1C9488BE46D016246EC73EF6EF14E64C3D37","E:\PRAGATI-AI-ARCHIVE\models\core\checkpoint_prognosis_v10.pth"
"SHA256","10D58562E96CE51EA51536237BE0E0A9A5E2B36930482DB1CFABE54B9B62F2D4","E:\PRAGATI-AI-ARCHIVE\models\core\checkpoint_segnet_v8.pth"
"SHA256","7B087E38E0CC21B744CC255F90286ACA0FCB719C53170BA22FD27A14352CD74B","E:\PRAGATI-AI-ARCHIVE\models\core\coral_ckpt_v10.pth"
"SHA256","B2F9332210FAD8937CB27BEFD2FEE45DDCB25CFA27605BBE5A55A7F615CE370F","E:\PRAGATI-AI-ARCHIVE\models\core\sev_ckpt_v10.pth"
"SHA256","62165C8758817CD070EF407454C2BD24B993368FFBF119C1A7C29E1E1301EA77","E:\PRAGATI-AI-ARCHIVE\models\core\vis_ckpt_v10.pth"
"SHA256","8E70EC57327932BF00EEF605974996BC0E3D619C7046234F0AF16CB553FFE563","E:\PRAGATI-AI-ARCHIVE\models\core\vis_fold0_tmp_v10.pth"
"SHA256","466839892551E434A96029EB7ABFAA5DE8749D7C9AB65553F408A16242B1B760","E:\PRAGATI-AI-ARCHIVE\models\core\vis_fold1_tmp_v10.pth"
"SHA256","FD8B98356811D41B01A4329E4841E87A2FC8E050762B0CA0009F8A1FD67E2A2B","E:\PRAGATI-AI-ARCHIVE\models\core\vis_fold2_tmp_v10.pth"
"SHA256","5F609C94D2B9DB0C7116D98424ACA10DADE0B242B42F917B122E6DBC75F471B9","E:\PRAGATI-AI-ARCHIVE\models\core\vis_fold3_tmp_v10.pth"
"SHA256","38BCE31C914CB587F0D058757E5ABF1CEFD464AD27BBB61FA8B08953AE130173","E:\PRAGATI-AI-ARCHIVE\models\core\vis_fold4_tmp_v10.pth"
"SHA256","DF4C4BAB2D375F5634119A5D522AA3A845E9F15D9584C190BC9CCB873C2A3F24","E:\PRAGATI-AI-ARCHIVE\models\proposed\best_prognosis_net_v10_seed123.pth"
"SHA256","61AB3394012FDC23D6E395F79E863F00A5FD9E2049B0862A3428287CFC107BFF","E:\PRAGATI-AI-ARCHIVE\models\proposed\best_prognosis_net_v10_seed2025.pth"
"SHA256","E139E6D8946F21F42C910BB573C2AA77E04383AB1A337D2575484FE52AFBECB5","E:\PRAGATI-AI-ARCHIVE\models\proposed\best_prognosis_net_v10_seed42.pth"
"SHA256","AD57DE05FCCA67E714839B8FD485DEDCBE986F5C0938DED949D13BA974516826","E:\PRAGATI-AI-ARCHIVE\models\proposed\best_prognosis_net_v10_seed777.pth"
"SHA256","7CB94243B5671BD64382DAF37C3586967C081A00CC34C1642CB8D5D82F6E2AD9","E:\PRAGATI-AI-ARCHIVE\models\proposed\best_prognosis_net_v10_seed999.pth"
"SHA256","65FA9AAE4F1ACA7E3F9E3D1926B44DDD0D7E20F981069CBAFA01CC3359FC05D4","E:\PRAGATI-AI-ARCHIVE\results\analysis\attention_sample_trajectories.png"
"SHA256","F053EC7F357E5D035EFE27CC3E1DB8E1EA067D76610CDAB7BBC73A79B0F5205C","E:\PRAGATI-AI-ARCHIVE\results\analysis\baselines_ablations_results.csv"
"SHA256","C28A6AA404CCF8A719638CC456ADCEAA40848048ACFC6878E7A9CD86A21701ED","E:\PRAGATI-AI-ARCHIVE\results\analysis\baseline_comparison_plot.png"
"SHA256","C2ACFF87D6DE3973BC3AE28248500B0781D61A6E2DF2CC152B9C1916A5DB8A5E","E:\PRAGATI-AI-ARCHIVE\results\analysis\class_distribution.csv"
"SHA256","655882A88D9ABA7B0FC284C0D806165B5252D9DBBD32DE8794DC05F5B9F26EEF","E:\PRAGATI-AI-ARCHIVE\results\analysis\cls_eval_splits_v10.csv"
"SHA256","6FD10DAA58825CA04FF0099D90BB3FB0BF215E07D8A5377D44088515FA0784E3","E:\PRAGATI-AI-ARCHIVE\results\analysis\eligible_classes.csv"
"SHA256","D42B75AFE5A8F6445C228EDB3AF4E13822A547A30413A9BC3E171BFA6F5423C4","E:\PRAGATI-AI-ARCHIVE\results\analysis\failure_analysis_report.csv"
"SHA256","117272E5D653A7CA22F6BBAA4CA8253120F2BA259815480A0A05EFD5F1CFA09F","E:\PRAGATI-AI-ARCHIVE\results\analysis\prognosis_training_curves_v10.png"
"SHA256","0A33273C35E0FFF2D6827A5D961C6BCCC929AD8D9F231E83D9CF7BD8D1581CD8","E:\PRAGATI-AI-ARCHIVE\results\analysis\prognosis_train_log_v10.csv"
"SHA256","07DAA8C0CB576FFAD30D085352B1B392FAA12B572BB4371BADAEE3BD75E6BF8A","E:\PRAGATI-AI-ARCHIVE\results\analysis\seg_training_curves_v8.png"
"SHA256","D04BD4E696AD7EEAFD35D03A978806185EF082E04B20EC86761714F8A11506F3","E:\PRAGATI-AI-ARCHIVE\results\analysis\sequence_augmentation_stats_v10.csv"
"SHA256","429C4160DF4FF0A087D07DCEDA2A7B092DDB658AB3877410BB0B8C7D7FEB33AD","E:\PRAGATI-AI-ARCHIVE\results\analysis\severity_distributions_proxy_v10.png"
"SHA256","FFF4B884627F65EC6354973E5DFF881223C0FA06801F08C153CB479CEB5FDA45","E:\PRAGATI-AI-ARCHIVE\results\analysis\top10_severity_distributions.png"
"SHA256","1CEC70622F9B92BB57FF063A99CD759FC5AD1A359DE956A1249A7D829624A2E0","E:\PRAGATI-AI-ARCHIVE\results\analysis\training_log_segnet_v8.csv"
"SHA256","DD182D491B06B7D1F6428C12ACED399FE5645102F4AF8C546A34CC88B27996FD","E:\PRAGATI-AI-ARCHIVE\results\calibration\calibration_coverage.csv"
"SHA256","5DE97BCC68F07712E99E52F293251BDD78123ACFD0AFD2F4A1DD4488ED8E8D85","E:\PRAGATI-AI-ARCHIVE\results\calibration\calibration_reliability_curve.png"
"SHA256","29EF12E22472984D8E96B1819F171108C54A9B3F28E749B8DE9872BAE93ACAB9","E:\PRAGATI-AI-ARCHIVE\results\metrics\classification_metrics_v10.csv"
"SHA256","F31897541CE5EC1CA8AED0AA727556750D7902E3A7EDE53B51F64392A98816C6","E:\PRAGATI-AI-ARCHIVE\results\metrics\prognosis_metrics_v10.csv"
"SHA256","29A411FA658147C531A77A9ADAE4E3E667F4F8B926593496AC6D9E92EBD67923","E:\PRAGATI-AI-ARCHIVE\results\metrics\robustness_metrics_v10.csv"
"SHA256","DBDEC9EFD3B8A83BD3881118C7D002CB9987905BD0BFAE71BD981E0CF1E670EC","E:\PRAGATI-AI-ARCHIVE\results\metrics\severity_statistics.csv"
"SHA256","A23307B279A6C3E972A96BC4C1AC3CAB099E736C54421CC99E5BA270C5A2911D","E:\PRAGATI-AI-ARCHIVE\results\metrics\test_metrics_segnet_v8.csv"
"SHA256","9BD706F4958DA2D786B8BFC0648F5B7CCF45BEF7008D9B3F6466A7049DE148BC","E:\PRAGATI-AI-ARCHIVE\results\predictions\classification_report_v10_test.csv"
"SHA256","9BD706F4958DA2D786B8BFC0648F5B7CCF45BEF7008D9B3F6466A7049DE148BC","E:\PRAGATI-AI-ARCHIVE\results\predictions\classification_report_v10_test_seed_123.csv"
"SHA256","9BD706F4958DA2D786B8BFC0648F5B7CCF45BEF7008D9B3F6466A7049DE148BC","E:\PRAGATI-AI-ARCHIVE\results\predictions\classification_report_v10_test_seed_42.csv"
"SHA256","9BD706F4958DA2D786B8BFC0648F5B7CCF45BEF7008D9B3F6466A7049DE148BC","E:\PRAGATI-AI-ARCHIVE\results\predictions\classification_report_v10_test_seed_999.csv"
"SHA256","4FAFD3460935591929E562573020E9ED05E432242DD5C353D40899620A1E1041","E:\PRAGATI-AI-ARCHIVE\results\predictions\classification_report_v10_val.csv"
"SHA256","2C2830B64EDC3C3CB0AD8B238C00389983564E28EAF74FD6856769968AEC97E2","E:\PRAGATI-AI-ARCHIVE\results\predictions\detailed_predictions_test.csv"
"SHA256","2D8D554F512A51AE8C4CBE121794B7544D37C97D5B4076F6C28353320794A1AF","E:\PRAGATI-AI-ARCHIVE\results\predictions\predictions_test_v10.csv"
"SHA256","28A5441C2417C3E78BD3FDF3377D6BB6E9485E1D4896E50960A42C1DF05BA816","E:\PRAGATI-AI-ARCHIVE\results\predictions\predictions_val_v10.csv"
"SHA256","B801065C7653F4365128BF8431152F29C0C4993C81939399C5B6E7CB7C492A45","E:\PRAGATI-AI-ARCHIVE\results\tables\table1_baseline_comparison.csv"
"SHA256","1D48872D02B6CD06785E6DF1F80E451B134E805049552D7F41F876A8365513E4","E:\PRAGATI-AI-ARCHIVE\results\tables\table2_ablation_study.csv"
"SHA256","9AF3C7FFFC103DD77C22627DF28FBFB2111D593FBADD487BB13190E8ED1E1130","E:\PRAGATI-AI-ARCHIVE\results\tables\table3_efficiency_metrics.csv"
"SHA256","A7F89A8D71880891E16857E4280EB3F52AB7183DD6D9CBA9A79AB257FBCE43DC","E:\PRAGATI-AI-ARCHIVE\results\tables\table4_cross_domain.csv"
"SHA256","907C16183B4B42D11128AA0C29174F418E2C50A3D47AB6DB5CECA2FD72C5ACC1","E:\PRAGATI-AI-ARCHIVE\results\tables\table5_severity_wise.csv"
