"RelativePath","Name","Extension","Length","SizeMB"
".gitignore",".gitignore",".gitignore","297","0"
"README.md","README.md",".md","3997","0"
"requirements.txt","requirements.txt",".txt","256","0"
"archive\notebook_cell_exports\cell_00.py.txt","cell_00.py.txt",".txt","19902","0.02"
"archive\notebook_cell_exports\cell_01.py.txt","cell_01.py.txt",".txt","79968","0.08"
"archive\notebook_cell_exports\cell_02.py.txt","cell_02.py.txt",".txt","39209","0.04"
"archive\notebook_cell_exports\cell_03.py.txt","cell_03.py.txt",".txt","18668","0.02"
"archive\notebook_cell_exports\cell_04.py.txt","cell_04.py.txt",".txt","14449","0.01"
"archive\notebook_cell_exports\cell_05.py.txt","cell_05.py.txt",".txt","62189","0.06"
"archive\notebook_cell_exports\cell_06.py.txt","cell_06.py.txt",".txt","41480","0.04"
"archive\notebook_cell_exports\cell_07.py.txt","cell_07.py.txt",".txt","1022","0"
"archive\v10_original\attention_sample_trajectories.png","attention_sample_trajectories.png",".png","322691","0.31"
"archive\v10_original\baselines_ablations_results.csv","baselines_ablations_results.csv",".csv","2605","0"
"archive\v10_original\baseline_comparison_plot.png","baseline_comparison_plot.png",".png","238403","0.23"
"archive\v10_original\best_coral_v10.pth","best_coral_v10.pth",".pth","920553","0.88"
"archive\v10_original\best_prognosis_net_v10.pth","best_prognosis_net_v10.pth",".pth","8854413","8.44"
"archive\v10_original\best_prognosis_net_v10_seed123.pth","best_prognosis_net_v10_seed123.pth",".pth","9022445","8.6"
"archive\v10_original\best_prognosis_net_v10_seed2025.pth","best_prognosis_net_v10_seed2025.pth",".pth","9022531","8.6"
"archive\v10_original\best_prognosis_net_v10_seed42.pth","best_prognosis_net_v10_seed42.pth",".pth","9022359","8.6"
"archive\v10_original\best_prognosis_net_v10_seed777.pth","best_prognosis_net_v10_seed777.pth",".pth","9022445","8.6"
"archive\v10_original\best_prognosis_net_v10_seed999.pth","best_prognosis_net_v10_seed999.pth",".pth","9022445","8.6"
"archive\v10_original\best_segnet_v8.pth","best_segnet_v8.pth",".pth","37958443","36.2"
"archive\v10_original\best_severity_net_v10.pth","best_severity_net_v10.pth",".pth","1041075","0.99"
"archive\v10_original\best_visual_model_v10.pth","best_visual_model_v10.pth",".pth","113141115","107.9"
"archive\v10_original\calibration_coverage.csv","calibration_coverage.csv",".csv","373","0"
"archive\v10_original\calibration_reliability_curve.png","calibration_reliability_curve.png",".png","164964","0.16"
"archive\v10_original\checkpoint_prognosis_v10.pth","checkpoint_prognosis_v10.pth",".pth","35307804","33.67"
"archive\v10_original\checkpoint_segnet_v8.pth","checkpoint_segnet_v8.pth",".pth","113178793","107.94"
"archive\v10_original\ckpt_Abl_NoCBAM_seed123.pth","ckpt_Abl_NoCBAM_seed123.pth",".pth","8967647","8.55"
"archive\v10_original\ckpt_Abl_NoCBAM_seed2025.pth","ckpt_Abl_NoCBAM_seed2025.pth",".pth","8967729","8.55"
"archive\v10_original\ckpt_Abl_NoCBAM_seed42.pth","ckpt_Abl_NoCBAM_seed42.pth",".pth","8967565","8.55"
"archive\v10_original\ckpt_Abl_NoCBAM_seed777.pth","ckpt_Abl_NoCBAM_seed777.pth",".pth","8967647","8.55"
"archive\v10_original\ckpt_Abl_NoCBAM_seed999.pth","ckpt_Abl_NoCBAM_seed999.pth",".pth","8967647","8.55"
"archive\v10_original\ckpt_Abl_NoCORAL_seed123.pth","ckpt_Abl_NoCORAL_seed123.pth",".pth","8770049","8.36"
"archive\v10_original\ckpt_Abl_NoCORAL_seed2025.pth","ckpt_Abl_NoCORAL_seed2025.pth",".pth","8770123","8.36"
"archive\v10_original\ckpt_Abl_NoCORAL_seed42.pth","ckpt_Abl_NoCORAL_seed42.pth",".pth","8769975","8.36"
"archive\v10_original\ckpt_Abl_NoCORAL_seed777.pth","ckpt_Abl_NoCORAL_seed777.pth",".pth","8770049","8.36"
"archive\v10_original\ckpt_Abl_NoCORAL_seed999.pth","ckpt_Abl_NoCORAL_seed999.pth",".pth","8770049","8.36"
"archive\v10_original\ckpt_Abl_NoCrossAttn_seed123.pth","ckpt_Abl_NoCrossAttn_seed123.pth",".pth","4801789","4.58"
"archive\v10_original\ckpt_Abl_NoCrossAttn_seed2025.pth","ckpt_Abl_NoCrossAttn_seed2025.pth",".pth","4801857","4.58"
"archive\v10_original\ckpt_Abl_NoCrossAttn_seed42.pth","ckpt_Abl_NoCrossAttn_seed42.pth",".pth","4801721","4.58"
"archive\v10_original\ckpt_Abl_NoCrossAttn_seed777.pth","ckpt_Abl_NoCrossAttn_seed777.pth",".pth","4801789","4.58"
"archive\v10_original\ckpt_Abl_NoCrossAttn_seed999.pth","ckpt_Abl_NoCrossAttn_seed999.pth",".pth","4801789","4.58"
"archive\v10_original\ckpt_Abl_NoMonotonicity_seed123.pth","ckpt_Abl_NoMonotonicity_seed123.pth",".pth","9022531","8.6"
"archive\v10_original\ckpt_Abl_NoMonotonicity_seed2025.pth","ckpt_Abl_NoMonotonicity_seed2025.pth",".pth","9022617","8.6"
"archive\v10_original\ckpt_Abl_NoMonotonicity_seed42.pth","ckpt_Abl_NoMonotonicity_seed42.pth",".pth","9022445","8.6"
"archive\v10_original\ckpt_Abl_NoMonotonicity_seed777.pth","ckpt_Abl_NoMonotonicity_seed777.pth",".pth","9022531","8.6"
"archive\v10_original\ckpt_Abl_NoMonotonicity_seed999.pth","ckpt_Abl_NoMonotonicity_seed999.pth",".pth","9022531","8.6"
"archive\v10_original\ckpt_Abl_NoSeqAug_seed123.pth","ckpt_Abl_NoSeqAug_seed123.pth",".pth","9022015","8.6"
"archive\v10_original\ckpt_Abl_NoSeqAug_seed2025.pth","ckpt_Abl_NoSeqAug_seed2025.pth",".pth","9022101","8.6"
"archive\v10_original\ckpt_Abl_NoSeqAug_seed42.pth","ckpt_Abl_NoSeqAug_seed42.pth",".pth","9021929","8.6"
"archive\v10_original\ckpt_Abl_NoSeqAug_seed777.pth","ckpt_Abl_NoSeqAug_seed777.pth",".pth","9022015","8.6"
"archive\v10_original\ckpt_Abl_NoSeqAug_seed999.pth","ckpt_Abl_NoSeqAug_seed999.pth",".pth","9022015","8.6"
"archive\v10_original\ckpt_Abl_NoVisDelta_seed123.pth","ckpt_Abl_NoVisDelta_seed123.pth",".pth","8891115","8.48"
"archive\v10_original\ckpt_Abl_NoVisDelta_seed2025.pth","ckpt_Abl_NoVisDelta_seed2025.pth",".pth","8891201","8.48"
"archive\v10_original\ckpt_Abl_NoVisDelta_seed42.pth","ckpt_Abl_NoVisDelta_seed42.pth",".pth","8891029","8.48"
"archive\v10_original\ckpt_Abl_NoVisDelta_seed777.pth","ckpt_Abl_NoVisDelta_seed777.pth",".pth","8891115","8.48"
"archive\v10_original\ckpt_Abl_NoVisDelta_seed999.pth","ckpt_Abl_NoVisDelta_seed999.pth",".pth","8891115","8.48"
"archive\v10_original\ckpt_B1_MLP_seed123.pth","ckpt_B1_MLP_seed123.pth",".pth","1779069","1.7"
"archive\v10_original\ckpt_B1_MLP_seed2025.pth","ckpt_B1_MLP_seed2025.pth",".pth","1779084","1.7"
"archive\v10_original\ckpt_B1_MLP_seed42.pth","ckpt_B1_MLP_seed42.pth",".pth","1779054","1.7"
"archive\v10_original\ckpt_B1_MLP_seed777.pth","ckpt_B1_MLP_seed777.pth",".pth","1779069","1.7"
"archive\v10_original\ckpt_B1_MLP_seed999.pth","ckpt_B1_MLP_seed999.pth",".pth","1779069","1.7"
"archive\v10_original\ckpt_B2b_GRU_seed123.pth","ckpt_B2b_GRU_seed123.pth",".pth","1884437","1.8"
"archive\v10_original\ckpt_B2b_GRU_seed2025.pth","ckpt_B2b_GRU_seed2025.pth",".pth","1884453","1.8"
"archive\v10_original\ckpt_B2b_GRU_seed42.pth","ckpt_B2b_GRU_seed42.pth",".pth","1884421","1.8"
"archive\v10_original\ckpt_B2b_GRU_seed777.pth","ckpt_B2b_GRU_seed777.pth",".pth","1884437","1.8"
"archive\v10_original\ckpt_B2b_GRU_seed999.pth","ckpt_B2b_GRU_seed999.pth",".pth","1884437","1.8"
"archive\v10_original\ckpt_B2_EmbLSTM_seed123.pth","ckpt_B2_EmbLSTM_seed123.pth",".pth","2279813","2.17"
"archive\v10_original\ckpt_B2_EmbLSTM_seed2025.pth","ckpt_B2_EmbLSTM_seed2025.pth",".pth","2279829","2.17"
"archive\v10_original\ckpt_B2_EmbLSTM_seed42.pth","ckpt_B2_EmbLSTM_seed42.pth",".pth","2279797","2.17"
"archive\v10_original\ckpt_B2_EmbLSTM_seed777.pth","ckpt_B2_EmbLSTM_seed777.pth",".pth","2279813","2.17"
"archive\v10_original\ckpt_B2_EmbLSTM_seed999.pth","ckpt_B2_EmbLSTM_seed999.pth",".pth","2279813","2.17"
"archive\v10_original\ckpt_B3_TCN_seed123.pth","ckpt_B3_TCN_seed123.pth",".pth","5434974","5.18"
"archive\v10_original\ckpt_B3_TCN_seed2025.pth","ckpt_B3_TCN_seed2025.pth",".pth","5435007","5.18"
"archive\v10_original\ckpt_B3_TCN_seed42.pth","ckpt_B3_TCN_seed42.pth",".pth","5434941","5.18"
"archive\v10_original\ckpt_B3_TCN_seed777.pth","ckpt_B3_TCN_seed777.pth",".pth","5434974","5.18"
"archive\v10_original\ckpt_B3_TCN_seed999.pth","ckpt_B3_TCN_seed999.pth",".pth","5434974","5.18"
"archive\v10_original\ckpt_B4_Transformer_seed123.pth","ckpt_B4_Transformer_seed123.pth",".pth","9215413","8.79"
"archive\v10_original\ckpt_B4_Transformer_seed2025.pth","ckpt_B4_Transformer_seed2025.pth",".pth","9215477","8.79"
"archive\v10_original\ckpt_B4_Transformer_seed42.pth","ckpt_B4_Transformer_seed42.pth",".pth","9215349","8.79"
"archive\v10_original\ckpt_B4_Transformer_seed777.pth","ckpt_B4_Transformer_seed777.pth",".pth","9215413","8.79"
"archive\v10_original\ckpt_B4_Transformer_seed999.pth","ckpt_B4_Transformer_seed999.pth",".pth","9215413","8.79"
"archive\v10_original\ckpt_B5_NoTemporal_seed123.pth","ckpt_B5_NoTemporal_seed123.pth",".pth","213271","0.2"
"archive\v10_original\ckpt_B5_NoTemporal_seed2025.pth","ckpt_B5_NoTemporal_seed2025.pth",".pth","213285","0.2"
"archive\v10_original\ckpt_B5_NoTemporal_seed42.pth","ckpt_B5_NoTemporal_seed42.pth",".pth","213257","0.2"
"archive\v10_original\ckpt_B5_NoTemporal_seed777.pth","ckpt_B5_NoTemporal_seed777.pth",".pth","213271","0.2"
"archive\v10_original\ckpt_B5_NoTemporal_seed999.pth","ckpt_B5_NoTemporal_seed999.pth",".pth","213271","0.2"
"archive\v10_original\ckpt_Proposed_NoCoffee_seed123.pth","ckpt_Proposed_NoCoffee_seed123.pth",".pth","9022445","8.6"
"archive\v10_original\ckpt_Proposed_NoCoffee_seed2025.pth","ckpt_Proposed_NoCoffee_seed2025.pth",".pth","9022531","8.6"
"archive\v10_original\ckpt_Proposed_NoCoffee_seed42.pth","ckpt_Proposed_NoCoffee_seed42.pth",".pth","9022359","8.6"
"archive\v10_original\ckpt_Proposed_NoCoffee_seed777.pth","ckpt_Proposed_NoCoffee_seed777.pth",".pth","9022445","8.6"
"archive\v10_original\ckpt_Proposed_NoCoffee_seed999.pth","ckpt_Proposed_NoCoffee_seed999.pth",".pth","9022445","8.6"
"archive\v10_original\classification_metrics_v10.csv","classification_metrics_v10.csv",".csv","145","0"
"archive\v10_original\classification_report_v10_test.csv","classification_report_v10_test.csv",".csv","1547","0"
"archive\v10_original\classification_report_v10_test_seed_123.csv","classification_report_v10_test_seed_123.csv",".csv","1547","0"
"archive\v10_original\classification_report_v10_test_seed_42.csv","classification_report_v10_test_seed_42.csv",".csv","1547","0"
"archive\v10_original\classification_report_v10_test_seed_999.csv","classification_report_v10_test_seed_999.csv",".csv","1547","0"
"archive\v10_original\classification_report_v10_val.csv","classification_report_v10_val.csv",".csv","1668","0"
"archive\v10_original\class_distribution.csv","class_distribution.csv",".csv","3125","0"
"archive\v10_original\cls_eval_splits_v10.csv","cls_eval_splits_v10.csv",".csv","108","0"
"archive\v10_original\coffee_sequences_v10.csv","coffee_sequences_v10.csv",".csv","1578281","1.51"
"archive\v10_original\coffee_v10.csv","coffee_v10.csv",".csv","883584","0.84"
"archive\v10_original\conformal_quantiles_v10.pkl","conformal_quantiles_v10.pkl",".pkl","49","0"
"archive\v10_original\coral_ckpt_v10.pth","coral_ckpt_v10.pth",".pth","3684712","3.51"
"archive\v10_original\coral_prob_cf_v10.npy","coral_prob_cf_v10.npy",".npy","6088","0.01"
"archive\v10_original\coral_prob_te_v10.npy","coral_prob_te_v10.npy",".npy","18688","0.02"
"archive\v10_original\coral_prob_tr_v10.npy","coral_prob_tr_v10.npy",".npy","83828","0.08"
"archive\v10_original\coral_prob_va_v10.npy","coral_prob_va_v10.npy",".npy","18088","0.02"
"archive\v10_original\coral_sev_cf_v10.npy","coral_sev_cf_v10.npy",".npy","1320","0"
"archive\v10_original\coral_sev_te_v10.npy","coral_sev_te_v10.npy",".npy","3840","0"
"archive\v10_original\coral_sev_tr_v10.npy","coral_sev_tr_v10.npy",".npy","16868","0.02"
"archive\v10_original\coral_sev_va_v10.npy","coral_sev_va_v10.npy",".npy","3720","0"
"archive\v10_original\curve_residuals_v10.pkl","curve_residuals_v10.pkl",".pkl","5326","0.01"
"archive\v10_original\detailed_predictions_test.csv","detailed_predictions_test.csv",".csv","3074854","2.93"
"archive\v10_original\eligible_classes.csv","eligible_classes.csv",".csv","3326","0"
"archive\v10_original\failure_analysis_report.csv","failure_analysis_report.csv",".csv","775","0"
"archive\v10_original\gsev_model_v10.pkl","gsev_model_v10.pkl",".pkl","8865","0.01"
"archive\v10_original\predictions_test_v10.csv","predictions_test_v10.csv",".csv","59521","0.06"
"archive\v10_original\predictions_val_v10.csv","predictions_val_v10.csv",".csv","56207","0.05"
"archive\v10_original\prognosis_classes_v10.pkl","prognosis_classes_v10.pkl",".pkl","576","0"
"archive\v10_original\prognosis_master.csv","prognosis_master.csv",".csv","4302132","4.1"
"archive\v10_original\prognosis_metrics_v10.csv","prognosis_metrics_v10.csv",".csv","662","0"
"archive\v10_original\prognosis_training_curves_v10.png","prognosis_training_curves_v10.png",".png","132357","0.13"
"archive\v10_original\prognosis_train_log_v10.csv","prognosis_train_log_v10.csv",".csv","2715","0"
"archive\v10_original\robustness_metrics_v10.csv","robustness_metrics_v10.csv",".csv","233","0"
"archive\v10_original\seg_training_curves_v8.png","seg_training_curves_v8.png",".png","194319","0.19"
"archive\v10_original\sequence_augmentation_stats_v10.csv","sequence_augmentation_stats_v10.csv",".csv","90","0"
"archive\v10_original\severity_distributions_proxy_v10.png","severity_distributions_proxy_v10.png",".png","138519","0.13"
"archive\v10_original\severity_statistics.csv","severity_statistics.csv",".csv","10159","0.01"
"archive\v10_original\sev_ckpt_v10.pth","sev_ckpt_v10.pth",".pth","1040617","0.99"
"archive\v10_original\table1_baseline_comparison.csv","table1_baseline_comparison.csv",".csv","733","0"
"archive\v10_original\table2_ablation_study.csv","table2_ablation_study.csv",".csv","646","0"
"archive\v10_original\table3_efficiency_metrics.csv","table3_efficiency_metrics.csv",".csv","538","0"
"archive\v10_original\table4_cross_domain.csv","table4_cross_domain.csv",".csv","73","0"
"archive\v10_original\table5_severity_wise.csv","table5_severity_wise.csv",".csv","219","0"
"archive\v10_original\test_metrics_segnet_v8.csv","test_metrics_segnet_v8.csv",".csv","109","0"
"archive\v10_original\test_sequences_v10.csv","test_sequences_v10.csv",".csv","11988486","11.43"
"archive\v10_original\test_v10.csv","test_v10.csv",".csv","4757437","4.54"
"archive\v10_original\top10_severity_distributions.png","top10_severity_distributions.png",".png","213417","0.2"
"archive\v10_original\training_log_segnet_v8.csv","training_log_segnet_v8.csv",".csv","9376","0.01"
"archive\v10_original\train_sequences_v10.csv","train_sequences_v10.csv",".csv","129827084","123.81"
"archive\v10_original\train_v10.csv","train_v10.csv",".csv","21601133","20.6"
"archive\v10_original\val_sequences_v10.csv","val_sequences_v10.csv",".csv","11441769","10.91"
"archive\v10_original\val_v10.csv","val_v10.csv",".csv","4628964","4.41"
"archive\v10_original\vis_cf_v10.npy","vis_cf_v10.npy",".npy","610432","0.58"
"archive\v10_original\vis_ckpt_v10.pth","vis_ckpt_v10.pth",".pth","113138311","107.9"
"archive\v10_original\vis_fold0_tmp_v10.pth","vis_fold0_tmp_v10.pth",".pth","113193067","107.95"
"archive\v10_original\vis_fold1_tmp_v10.pth","vis_fold1_tmp_v10.pth",".pth","113192875","107.95"
"archive\v10_original\vis_fold2_tmp_v10.pth","vis_fold2_tmp_v10.pth",".pth","113192939","107.95"
"archive\v10_original\vis_fold3_tmp_v10.pth","vis_fold3_tmp_v10.pth",".pth","113192875","107.95"
"archive\v10_original\vis_fold4_tmp_v10.pth","vis_fold4_tmp_v10.pth",".pth","113192875","107.95"
"archive\v10_original\vis_te_v10.npy","vis_te_v10.npy",".npy","1900672","1.81"
"archive\v10_original\vis_tr_v10.npy","vis_tr_v10.npy",".npy","8571008","8.17"
"archive\v10_original\vis_va_v10.npy","vis_va_v10.npy",".npy","1839232","1.75"
"archive\v10_original\__huggingface_repos__.json","__huggingface_repos__.json",".json","333","0"
"archive\v10_original\elsevier_figures\Fig10_UncertaintyCalibration.png","Fig10_UncertaintyCalibration.png",".png","445550","0.42"
"archive\v10_original\elsevier_figures\Fig1_Pipeline.png","Fig1_Pipeline.png",".png","603522","0.58"
"archive\v10_original\elsevier_figures\Fig2_PseudoTemporal.png","Fig2_PseudoTemporal.png",".png","497620","0.47"
"archive\v10_original\elsevier_figures\Fig3_TrainingCurves.png","Fig3_TrainingCurves.png",".png","256339","0.24"
"archive\v10_original\elsevier_figures\Fig4_ForecastUncertainty.png","Fig4_ForecastUncertainty.png",".png","169365","0.16"
"archive\v10_original\elsevier_figures\Fig5_ConformalCoverage.png","Fig5_ConformalCoverage.png",".png","219564","0.21"
"archive\v10_original\elsevier_figures\Fig6_BaselineComparison.png","Fig6_BaselineComparison.png",".png","206576","0.2"
"archive\v10_original\elsevier_figures\Fig7_AblationStudy.png","Fig7_AblationStudy.png",".png","160137","0.15"
"archive\v10_original\elsevier_figures\Fig8_RobustnessHeatmap.png","Fig8_RobustnessHeatmap.png",".png","381045","0.36"
"archive\v10_original\elsevier_figures\Fig9_FailureCases.png","Fig9_FailureCases.png",".png","359395","0.34"
"archive\v10_original\elsevier_figures\figure_captions.txt","figure_captions.txt",".txt","518","0"
"archive\v10_original\elsevier_figures\GraphicalAbstract.png","GraphicalAbstract.png",".png","104908","0.1"
"archive\v10_original\elsevier_figures\highlights_agro_doctor.txt","highlights_agro_doctor.txt",".txt","418","0"
"archive\v10_original\elsevier_figures\submission_checklist.txt","submission_checklist.txt",".txt","30","0"
"archive\v10_original\part2_eda_v10\fig_composite_severity_v10.pdf","fig_composite_severity_v10.pdf",".pdf","111819","0.11"
"archive\v10_original\part2_eda_v10\fig_eligibility_quality_v10.pdf","fig_eligibility_quality_v10.pdf",".pdf","17055","0.02"
"archive\v10_original\part2_eda_v10\fig_feature_analysis_v10.pdf","fig_feature_analysis_v10.pdf",".pdf","28647","0.03"
"archive\v10_original\part2_eda_v10\fig_multiscale_delta_v10.pdf","fig_multiscale_delta_v10.pdf",".pdf","18724","0.02"
"archive\v10_original\part2_eda_v10\fig_seq_augmentation_v10.pdf","fig_seq_augmentation_v10.pdf",".pdf","46525","0.04"
"archive\v10_original\part2_eda_v10\fig_tsne_vis_emb_v10.pdf","fig_tsne_vis_emb_v10.pdf",".pdf","51626","0.05"
"archive\v10_original\part2_eda_v10\gradcam\gradcam_analysis.png","gradcam_analysis.png",".png","6734455","6.42"
"configs\README.md","README.md",".md","337","0"
"data\README.md","README.md",".md","365","0"
"data\manifests\__huggingface_repos__.json","__huggingface_repos__.json",".json","333","0"
"data\processed\coffee\coffee_sequences_v10.csv","coffee_sequences_v10.csv",".csv","1578281","1.51"
"data\processed\coffee\coffee_v10.csv","coffee_v10.csv",".csv","883584","0.84"
"data\processed\prognosis\prognosis_classes_v10.pkl","prognosis_classes_v10.pkl",".pkl","576","0"
"data\processed\prognosis\prognosis_master.csv","prognosis_master.csv",".csv","4302132","4.1"
"data\processed\splits\cls_eval_splits_v10.csv","cls_eval_splits_v10.csv",".csv","108","0"
"data\processed\splits\test_sequences_v10.csv","test_sequences_v10.csv",".csv","11988486","11.43"
"data\processed\splits\test_v10.csv","test_v10.csv",".csv","4757437","4.54"
"data\processed\splits\train_sequences_v10.csv","train_sequences_v10.csv",".csv","129827084","123.81"
"data\processed\splits\train_v10.csv","train_v10.csv",".csv","21601133","20.6"
"data\processed\splits\val_sequences_v10.csv","val_sequences_v10.csv",".csv","11441769","10.91"
"data\processed\splits\val_v10.csv","val_v10.csv",".csv","4628964","4.41"
"docs\notebook_inventory.json","notebook_inventory.json",".json","947","0"
"docs\reproducibility.md","reproducibility.md",".md","1578","0"
"docs\v10_repository_inventory.csv","v10_repository_inventory.csv",".csv","0","0"
"docs\v10_source_inventory.csv","v10_source_inventory.csv",".csv","14018","0.01"
"figures\README.md","README.md",".md","205","0"
"figures\eda\fig_composite_severity_v10.pdf","fig_composite_severity_v10.pdf",".pdf","111819","0.11"
"figures\eda\fig_eligibility_quality_v10.pdf","fig_eligibility_quality_v10.pdf",".pdf","17055","0.02"
"figures\eda\fig_feature_analysis_v10.pdf","fig_feature_analysis_v10.pdf",".pdf","28647","0.03"
"figures\eda\fig_multiscale_delta_v10.pdf","fig_multiscale_delta_v10.pdf",".pdf","18724","0.02"
"figures\eda\fig_seq_augmentation_v10.pdf","fig_seq_augmentation_v10.pdf",".pdf","46525","0.04"
"figures\eda\fig_tsne_vis_emb_v10.pdf","fig_tsne_vis_emb_v10.pdf",".pdf","51626","0.05"
"figures\eda\gradcam\gradcam_analysis.png","gradcam_analysis.png",".png","6734455","6.42"
"models\README.md","README.md",".md","380","0"
"models\checkpoints\ablations\no_cbam\ckpt_Abl_NoCBAM_seed123.pth","ckpt_Abl_NoCBAM_seed123.pth",".pth","8967647","8.55"
"models\checkpoints\ablations\no_cbam\ckpt_Abl_NoCBAM_seed2025.pth","ckpt_Abl_NoCBAM_seed2025.pth",".pth","8967729","8.55"
"models\checkpoints\ablations\no_cbam\ckpt_Abl_NoCBAM_seed42.pth","ckpt_Abl_NoCBAM_seed42.pth",".pth","8967565","8.55"
"models\checkpoints\ablations\no_cbam\ckpt_Abl_NoCBAM_seed777.pth","ckpt_Abl_NoCBAM_seed777.pth",".pth","8967647","8.55"
"models\checkpoints\ablations\no_cbam\ckpt_Abl_NoCBAM_seed999.pth","ckpt_Abl_NoCBAM_seed999.pth",".pth","8967647","8.55"
"models\checkpoints\ablations\no_coral\ckpt_Abl_NoCORAL_seed123.pth","ckpt_Abl_NoCORAL_seed123.pth",".pth","8770049","8.36"
"models\checkpoints\ablations\no_coral\ckpt_Abl_NoCORAL_seed2025.pth","ckpt_Abl_NoCORAL_seed2025.pth",".pth","8770123","8.36"
"models\checkpoints\ablations\no_coral\ckpt_Abl_NoCORAL_seed42.pth","ckpt_Abl_NoCORAL_seed42.pth",".pth","8769975","8.36"
"models\checkpoints\ablations\no_coral\ckpt_Abl_NoCORAL_seed777.pth","ckpt_Abl_NoCORAL_seed777.pth",".pth","8770049","8.36"
"models\checkpoints\ablations\no_coral\ckpt_Abl_NoCORAL_seed999.pth","ckpt_Abl_NoCORAL_seed999.pth",".pth","8770049","8.36"
"models\checkpoints\ablations\no_cross_attention\ckpt_Abl_NoCrossAttn_seed123.pth","ckpt_Abl_NoCrossAttn_seed123.pth",".pth","4801789","4.58"
"models\checkpoints\ablations\no_cross_attention\ckpt_Abl_NoCrossAttn_seed2025.pth","ckpt_Abl_NoCrossAttn_seed2025.pth",".pth","4801857","4.58"
"models\checkpoints\ablations\no_cross_attention\ckpt_Abl_NoCrossAttn_seed42.pth","ckpt_Abl_NoCrossAttn_seed42.pth",".pth","4801721","4.58"
"models\checkpoints\ablations\no_cross_attention\ckpt_Abl_NoCrossAttn_seed777.pth","ckpt_Abl_NoCrossAttn_seed777.pth",".pth","4801789","4.58"
"models\checkpoints\ablations\no_cross_attention\ckpt_Abl_NoCrossAttn_seed999.pth","ckpt_Abl_NoCrossAttn_seed999.pth",".pth","4801789","4.58"
"models\checkpoints\ablations\no_monotonicity\ckpt_Abl_NoMonotonicity_seed123.pth","ckpt_Abl_NoMonotonicity_seed123.pth",".pth","9022531","8.6"
"models\checkpoints\ablations\no_monotonicity\ckpt_Abl_NoMonotonicity_seed2025.pth","ckpt_Abl_NoMonotonicity_seed2025.pth",".pth","9022617","8.6"
"models\checkpoints\ablations\no_monotonicity\ckpt_Abl_NoMonotonicity_seed42.pth","ckpt_Abl_NoMonotonicity_seed42.pth",".pth","9022445","8.6"
"models\checkpoints\ablations\no_monotonicity\ckpt_Abl_NoMonotonicity_seed777.pth","ckpt_Abl_NoMonotonicity_seed777.pth",".pth","9022531","8.6"
"models\checkpoints\ablations\no_monotonicity\ckpt_Abl_NoMonotonicity_seed999.pth","ckpt_Abl_NoMonotonicity_seed999.pth",".pth","9022531","8.6"
"models\checkpoints\ablations\no_sequence_augmentation\ckpt_Abl_NoSeqAug_seed123.pth","ckpt_Abl_NoSeqAug_seed123.pth",".pth","9022015","8.6"
"models\checkpoints\ablations\no_sequence_augmentation\ckpt_Abl_NoSeqAug_seed2025.pth","ckpt_Abl_NoSeqAug_seed2025.pth",".pth","9022101","8.6"
"models\checkpoints\ablations\no_sequence_augmentation\ckpt_Abl_NoSeqAug_seed42.pth","ckpt_Abl_NoSeqAug_seed42.pth",".pth","9021929","8.6"
"models\checkpoints\ablations\no_sequence_augmentation\ckpt_Abl_NoSeqAug_seed777.pth","ckpt_Abl_NoSeqAug_seed777.pth",".pth","9022015","8.6"
"models\checkpoints\ablations\no_sequence_augmentation\ckpt_Abl_NoSeqAug_seed999.pth","ckpt_Abl_NoSeqAug_seed999.pth",".pth","9022015","8.6"
"models\checkpoints\ablations\no_visual_delta\ckpt_Abl_NoVisDelta_seed123.pth","ckpt_Abl_NoVisDelta_seed123.pth",".pth","8891115","8.48"
"models\checkpoints\ablations\no_visual_delta\ckpt_Abl_NoVisDelta_seed2025.pth","ckpt_Abl_NoVisDelta_seed2025.pth",".pth","8891201","8.48"
"models\checkpoints\ablations\no_visual_delta\ckpt_Abl_NoVisDelta_seed42.pth","ckpt_Abl_NoVisDelta_seed42.pth",".pth","8891029","8.48"
"models\checkpoints\ablations\no_visual_delta\ckpt_Abl_NoVisDelta_seed777.pth","ckpt_Abl_NoVisDelta_seed777.pth",".pth","8891115","8.48"
"models\checkpoints\ablations\no_visual_delta\ckpt_Abl_NoVisDelta_seed999.pth","ckpt_Abl_NoVisDelta_seed999.pth",".pth","8891115","8.48"
"models\checkpoints\ablations\proposed_no_coffee\ckpt_Proposed_NoCoffee_seed123.pth","ckpt_Proposed_NoCoffee_seed123.pth",".pth","9022445","8.6"
"models\checkpoints\ablations\proposed_no_coffee\ckpt_Proposed_NoCoffee_seed2025.pth","ckpt_Proposed_NoCoffee_seed2025.pth",".pth","9022531","8.6"
"models\checkpoints\ablations\proposed_no_coffee\ckpt_Proposed_NoCoffee_seed42.pth","ckpt_Proposed_NoCoffee_seed42.pth",".pth","9022359","8.6"
"models\checkpoints\ablations\proposed_no_coffee\ckpt_Proposed_NoCoffee_seed777.pth","ckpt_Proposed_NoCoffee_seed777.pth",".pth","9022445","8.6"
"models\checkpoints\ablations\proposed_no_coffee\ckpt_Proposed_NoCoffee_seed999.pth","ckpt_Proposed_NoCoffee_seed999.pth",".pth","9022445","8.6"
"models\checkpoints\archive\visual_fold_checkpoints\vis_fold0_tmp_v10.pth","vis_fold0_tmp_v10.pth",".pth","113193067","107.95"
"models\checkpoints\archive\visual_fold_checkpoints\vis_fold1_tmp_v10.pth","vis_fold1_tmp_v10.pth",".pth","113192875","107.95"
"models\checkpoints\archive\visual_fold_checkpoints\vis_fold2_tmp_v10.pth","vis_fold2_tmp_v10.pth",".pth","113192939","107.95"
"models\checkpoints\archive\visual_fold_checkpoints\vis_fold3_tmp_v10.pth","vis_fold3_tmp_v10.pth",".pth","113192875","107.95"
"models\checkpoints\archive\visual_fold_checkpoints\vis_fold4_tmp_v10.pth","vis_fold4_tmp_v10.pth",".pth","113192875","107.95"
"models\checkpoints\baselines\embedding_lstm\ckpt_B2_EmbLSTM_seed123.pth","ckpt_B2_EmbLSTM_seed123.pth",".pth","2279813","2.17"
"models\checkpoints\baselines\embedding_lstm\ckpt_B2_EmbLSTM_seed2025.pth","ckpt_B2_EmbLSTM_seed2025.pth",".pth","2279829","2.17"
"models\checkpoints\baselines\embedding_lstm\ckpt_B2_EmbLSTM_seed42.pth","ckpt_B2_EmbLSTM_seed42.pth",".pth","2279797","2.17"
"models\checkpoints\baselines\embedding_lstm\ckpt_B2_EmbLSTM_seed777.pth","ckpt_B2_EmbLSTM_seed777.pth",".pth","2279813","2.17"
"models\checkpoints\baselines\embedding_lstm\ckpt_B2_EmbLSTM_seed999.pth","ckpt_B2_EmbLSTM_seed999.pth",".pth","2279813","2.17"
"models\checkpoints\baselines\gru\ckpt_B2b_GRU_seed123.pth","ckpt_B2b_GRU_seed123.pth",".pth","1884437","1.8"
"models\checkpoints\baselines\gru\ckpt_B2b_GRU_seed2025.pth","ckpt_B2b_GRU_seed2025.pth",".pth","1884453","1.8"
"models\checkpoints\baselines\gru\ckpt_B2b_GRU_seed42.pth","ckpt_B2b_GRU_seed42.pth",".pth","1884421","1.8"
"models\checkpoints\baselines\gru\ckpt_B2b_GRU_seed777.pth","ckpt_B2b_GRU_seed777.pth",".pth","1884437","1.8"
"models\checkpoints\baselines\gru\ckpt_B2b_GRU_seed999.pth","ckpt_B2b_GRU_seed999.pth",".pth","1884437","1.8"
"models\checkpoints\baselines\mlp\ckpt_B1_MLP_seed123.pth","ckpt_B1_MLP_seed123.pth",".pth","1779069","1.7"
"models\checkpoints\baselines\mlp\ckpt_B1_MLP_seed2025.pth","ckpt_B1_MLP_seed2025.pth",".pth","1779084","1.7"
"models\checkpoints\baselines\mlp\ckpt_B1_MLP_seed42.pth","ckpt_B1_MLP_seed42.pth",".pth","1779054","1.7"
"models\checkpoints\baselines\mlp\ckpt_B1_MLP_seed777.pth","ckpt_B1_MLP_seed777.pth",".pth","1779069","1.7"
"models\checkpoints\baselines\mlp\ckpt_B1_MLP_seed999.pth","ckpt_B1_MLP_seed999.pth",".pth","1779069","1.7"
"models\checkpoints\baselines\no_temporal\ckpt_B5_NoTemporal_seed123.pth","ckpt_B5_NoTemporal_seed123.pth",".pth","213271","0.2"
"models\checkpoints\baselines\no_temporal\ckpt_B5_NoTemporal_seed2025.pth","ckpt_B5_NoTemporal_seed2025.pth",".pth","213285","0.2"
"models\checkpoints\baselines\no_temporal\ckpt_B5_NoTemporal_seed42.pth","ckpt_B5_NoTemporal_seed42.pth",".pth","213257","0.2"
"models\checkpoints\baselines\no_temporal\ckpt_B5_NoTemporal_seed777.pth","ckpt_B5_NoTemporal_seed777.pth",".pth","213271","0.2"
"models\checkpoints\baselines\no_temporal\ckpt_B5_NoTemporal_seed999.pth","ckpt_B5_NoTemporal_seed999.pth",".pth","213271","0.2"
"models\checkpoints\baselines\tcn\ckpt_B3_TCN_seed123.pth","ckpt_B3_TCN_seed123.pth",".pth","5434974","5.18"
"models\checkpoints\baselines\tcn\ckpt_B3_TCN_seed2025.pth","ckpt_B3_TCN_seed2025.pth",".pth","5435007","5.18"
"models\checkpoints\baselines\tcn\ckpt_B3_TCN_seed42.pth","ckpt_B3_TCN_seed42.pth",".pth","5434941","5.18"
"models\checkpoints\baselines\tcn\ckpt_B3_TCN_seed777.pth","ckpt_B3_TCN_seed777.pth",".pth","5434974","5.18"
"models\checkpoints\baselines\tcn\ckpt_B3_TCN_seed999.pth","ckpt_B3_TCN_seed999.pth",".pth","5434974","5.18"
"models\checkpoints\baselines\transformer\ckpt_B4_Transformer_seed123.pth","ckpt_B4_Transformer_seed123.pth",".pth","9215413","8.79"
"models\checkpoints\baselines\transformer\ckpt_B4_Transformer_seed2025.pth","ckpt_B4_Transformer_seed2025.pth",".pth","9215477","8.79"
"models\checkpoints\baselines\transformer\ckpt_B4_Transformer_seed42.pth","ckpt_B4_Transformer_seed42.pth",".pth","9215349","8.79"
"models\checkpoints\baselines\transformer\ckpt_B4_Transformer_seed777.pth","ckpt_B4_Transformer_seed777.pth",".pth","9215413","8.79"
"models\checkpoints\baselines\transformer\ckpt_B4_Transformer_seed999.pth","ckpt_B4_Transformer_seed999.pth",".pth","9215413","8.79"
"models\checkpoints\final\core\best_coral_v10.pth","best_coral_v10.pth",".pth","920553","0.88"
"models\checkpoints\final\core\best_segnet_v8.pth","best_segnet_v8.pth",".pth","37958443","36.2"
"models\checkpoints\final\core\best_severity_net_v10.pth","best_severity_net_v10.pth",".pth","1041075","0.99"
"models\checkpoints\final\core\best_visual_model_v10.pth","best_visual_model_v10.pth",".pth","113141115","107.9"
"models\checkpoints\final\core\checkpoint_prognosis_v10.pth","checkpoint_prognosis_v10.pth",".pth","35307804","33.67"
"models\checkpoints\final\core\checkpoint_segnet_v8.pth","checkpoint_segnet_v8.pth",".pth","113178793","107.94"
"models\checkpoints\final\core\coral_ckpt_v10.pth","coral_ckpt_v10.pth",".pth","3684712","3.51"
"models\checkpoints\final\core\sev_ckpt_v10.pth","sev_ckpt_v10.pth",".pth","1040617","0.99"
"models\checkpoints\final\core\vis_ckpt_v10.pth","vis_ckpt_v10.pth",".pth","113138311","107.9"
"models\checkpoints\final\prognosis\best_prognosis_net_v10.pth","best_prognosis_net_v10.pth",".pth","8854413","8.44"
"models\checkpoints\final\prognosis\best_prognosis_net_v10_seed123.pth","best_prognosis_net_v10_seed123.pth",".pth","9022445","8.6"
"models\checkpoints\final\prognosis\best_prognosis_net_v10_seed2025.pth","best_prognosis_net_v10_seed2025.pth",".pth","9022531","8.6"
"models\checkpoints\final\prognosis\best_prognosis_net_v10_seed42.pth","best_prognosis_net_v10_seed42.pth",".pth","9022359","8.6"
"models\checkpoints\final\prognosis\best_prognosis_net_v10_seed777.pth","best_prognosis_net_v10_seed777.pth",".pth","9022445","8.6"
"models\checkpoints\final\prognosis\best_prognosis_net_v10_seed999.pth","best_prognosis_net_v10_seed999.pth",".pth","9022445","8.6"
"notebooks\version-v10.ipynb","version-v10.ipynb",".ipynb","337343","0.32"
"results\README.md","README.md",".md","424","0"
"results\analysis\baselines_ablations_results.csv","baselines_ablations_results.csv",".csv","2605","0"
"results\analysis\class_distribution.csv","class_distribution.csv",".csv","3125","0"
"results\analysis\eligible_classes.csv","eligible_classes.csv",".csv","3326","0"
"results\analysis\failure_analysis_report.csv","failure_analysis_report.csv",".csv","775","0"
"results\analysis\prognosis_train_log_v10.csv","prognosis_train_log_v10.csv",".csv","2715","0"
"results\analysis\sequence_augmentation_stats_v10.csv","sequence_augmentation_stats_v10.csv",".csv","90","0"
"results\analysis\training_log_segnet_v8.csv","training_log_segnet_v8.csv",".csv","9376","0.01"
"results\calibration\calibration_coverage.csv","calibration_coverage.csv",".csv","373","0"
"results\calibration\calibration_reliability_curve.png","calibration_reliability_curve.png",".png","164964","0.16"
"results\calibration\conformal_quantiles_v10.pkl","conformal_quantiles_v10.pkl",".pkl","49","0"
"results\calibration\curve_residuals_v10.pkl","curve_residuals_v10.pkl",".pkl","5326","0.01"
"results\calibration\coral\coral_prob_cf_v10.npy","coral_prob_cf_v10.npy",".npy","6088","0.01"
"results\calibration\coral\coral_prob_te_v10.npy","coral_prob_te_v10.npy",".npy","18688","0.02"
"results\calibration\coral\coral_prob_tr_v10.npy","coral_prob_tr_v10.npy",".npy","83828","0.08"
"results\calibration\coral\coral_prob_va_v10.npy","coral_prob_va_v10.npy",".npy","18088","0.02"
"results\calibration\coral\coral_sev_cf_v10.npy","coral_sev_cf_v10.npy",".npy","1320","0"
"results\calibration\coral\coral_sev_te_v10.npy","coral_sev_te_v10.npy",".npy","3840","0"
"results\calibration\coral\coral_sev_tr_v10.npy","coral_sev_tr_v10.npy",".npy","16868","0.02"
"results\calibration\coral\coral_sev_va_v10.npy","coral_sev_va_v10.npy",".npy","3720","0"
"results\metrics\classification_metrics_v10.csv","classification_metrics_v10.csv",".csv","145","0"
"results\metrics\prognosis_metrics_v10.csv","prognosis_metrics_v10.csv",".csv","662","0"
"results\metrics\robustness_metrics_v10.csv","robustness_metrics_v10.csv",".csv","233","0"
"results\metrics\severity_statistics.csv","severity_statistics.csv",".csv","10159","0.01"
"results\metrics\test_metrics_segnet_v8.csv","test_metrics_segnet_v8.csv",".csv","109","0"
"results\predictions\classification_report_v10_test.csv","classification_report_v10_test.csv",".csv","1547","0"
"results\predictions\classification_report_v10_test_seed_123.csv","classification_report_v10_test_seed_123.csv",".csv","1547","0"
"results\predictions\classification_report_v10_test_seed_42.csv","classification_report_v10_test_seed_42.csv",".csv","1547","0"
"results\predictions\classification_report_v10_test_seed_999.csv","classification_report_v10_test_seed_999.csv",".csv","1547","0"
"results\predictions\classification_report_v10_val.csv","classification_report_v10_val.csv",".csv","1668","0"
"results\predictions\detailed_predictions_test.csv","detailed_predictions_test.csv",".csv","3074854","2.93"
"results\predictions\predictions_test_v10.csv","predictions_test_v10.csv",".csv","59521","0.06"
"results\predictions\predictions_val_v10.csv","predictions_val_v10.csv",".csv","56207","0.05"
"results\representations\attention_sample_trajectories.png","attention_sample_trajectories.png",".png","322691","0.31"
"results\representations\vis_cf_v10.npy","vis_cf_v10.npy",".npy","610432","0.58"
"results\representations\vis_te_v10.npy","vis_te_v10.npy",".npy","1900672","1.81"
"results\representations\vis_tr_v10.npy","vis_tr_v10.npy",".npy","8571008","8.17"
"results\representations\vis_va_v10.npy","vis_va_v10.npy",".npy","1839232","1.75"
"results\tables\table1_baseline_comparison.csv","table1_baseline_comparison.csv",".csv","733","0"
"results\tables\table2_ablation_study.csv","table2_ablation_study.csv",".csv","646","0"
"results\tables\table3_efficiency_metrics.csv","table3_efficiency_metrics.csv",".csv","538","0"
"results\tables\table4_cross_domain.csv","table4_cross_domain.csv",".csv","73","0"
"results\tables\table5_severity_wise.csv","table5_severity_wise.csv",".csv","219","0"
"scripts\00_prognosis_master_builder_v10.py","00_prognosis_master_builder_v10.py",".py","19179","0.02"
"scripts\01_research_grade_v10.py","01_research_grade_v10.py",".py","77173","0.07"
"scripts\02_prognosisnet_v10.py","02_prognosisnet_v10.py",".py","37742","0.04"
"scripts\03_coffee_sequence_builder_v10.py","03_coffee_sequence_builder_v10.py",".py","18668","0.02"
"scripts\04_cross_domain_coffee_evaluation.py","04_cross_domain_coffee_evaluation.py",".py","14449","0.01"
"scripts\05_baselines_ablations_v10.py","05_baselines_ablations_v10.py",".py","62189","0.06"
"scripts\06_elsevier_figure_generation.py","06_elsevier_figure_generation.py",".py","41480","0.04"
"scripts\07_inventory_dataset_files.py","07_inventory_dataset_files.py",".py","965","0"
"scripts\organize_v10.ps1","organize_v10.ps1",".ps1","15391","0.01"
